"odvetvi_kod", "odvetvi_txt", "odvetvi_zkr"
"A", "Zemědělství, lesnictví, rybářství", "Zemědělství"
"B", "Těžba a dobývání", "Těžba a dobývání"
"C", "Zpracovatelský průmysl", "Zpracovatelský průmysl"
"D", "Výroba a rozvod elektřiny, plynu, tepla a klimatiz. vzduchu", "Výroba energií"
"E", "Zásobování vodou; činnosti související s odpady a sanacemi", "Voda, odpady"
"F", "Stavebnictví", "Stavebnictví"
"G", "Velkoobchod a maloobchod; opravy a údržba motorových vozidel", "Obchod, vozidla"
"H", "Doprava a skladování", "Doprava a skladování"
"I", "Ubytování, stravování a pohostinství", "Ubytování, stravování"
"J", "Informační a komunikační činnosti", "Informační činnosti"
"K", "Peněžnictví a pojišťovnictví", "Peněžnictví"
"L", "Činnosti v oblasti nemovitostí", "Nemovitosti"
"M", "Profesní, vědecké a technické činnosti", "Věda, technika"
"N", "Administrativní a podpůrné činnosti", "Administrativa"
"O", "Veřejná správa a obrana; povinné sociální zabezpečení", "Veřejná správa"
"P", "Vzdělávání", "Vzdělávání"
"Q", "Zdravotní a sociální péče", "Zdravotnictví"
"R", "Kulturní, zábavní a rekreační činnosti", "Kultura"
"S", "Ostatní činnosti", "Ostatní činnosti"
